Nombre del Juego,Objetivo del juego,Objetivo Pedagógico,Reglas del Juego,Imagen representativa 
El Autógrafo,Azar,Conocerse,"Consiste en dibujar 9 cuadrantes en una hoja de cuaderno, con un número previamente asignado en la esquina superior derecha. Posteriormente se debe jugar cachipún con distintas personas sin repetir, el perdedor debe anotar su nombre, carrera, pasatiempo y comida favorita en uno de los cuadrantes del ganador. La primera persona en rellenar los 9 cuadrantes será la ganadora. El objetivo del juego es facilitar la interacción y conocer a nuestros compañeros de curso.",
Lotería de nombres,"Azar, Atención",Conocerse,"Este juego es la continuación del “Autógrafo”. Cada persona tiene un respectivo número y cuando este es mencionado, debe presentarse, indicar su nombre, carrera, pasatiempo y comida favorita. Gana la primera persona en llenar los nueve cuadrantes de su hoja. El objetivo es conocerse.",
Cuantas bajan?,Descubrir la regla del juego,Atención,"Para empezar el juego, una persona tiene que aplaudir o replicar el sonido de un rebaño caminando. Posteriormente se debe preguntar por el número de ovejas y la respuesta correcta depende del número de palabras que se utilicen en la pregunta. Por ejemplo: “¿Cuántas bajan?” la respuesta es 2, y “¿Cuántas ovejas bajan?” es 3. El objetivo del juego es descubrir la forma de ganar  y responder correctamente a la pregunta.
",
Cachipun gigante,Coordinación y estrategia,Liderazgo e interacción,"Dos grandes grupos de personas deben jugar entre sí una versión del cachipún en donde tienen de 10 a 5 segundos para ponerse de acuerdo y escoger todos la misma opción. La tijera se hace imitando el movimiento de tijera con las manos, el papel alzando los brazos, y la piedra, agachándose. Si un miembro del equipo escoge algo distinto, todo el equipo pierde la ronda automáticamente. El primer equipo en obtener 5 victorias gana. El objetivo del juego es coordinarse con grupos grandes de personas.
",
Cachipun cazador,"Mímica, coordinación, estrategia",Liderazgo e interacción,"Similar al cachipún gigante, los dos equipos deben ponerse de acuerdo entre todos para, en lugar de piedra, papel y tijera; escoger cazador, león o escopeta, donde el león vence al cazador, el cazador a la escopeta, y la escopeta al león. Si un miembro del equipo escoge algo distinto, todo el equipo pierde la ronda automáticamente. El primer equipo en obtener 5 victorias gana. El objetivo del juego es coordinarse con grupos grandes de personas.",
Cachipun suma,"Velocidad de pensamiento, estrategia, azar",Conocerse,"aesta variante del cachipún, en lugar de utilizar piedra, papel y tijera utiliza de cero a cinco dedos de la mano. Ambos jugadores deben decir ""cachi-"" seguido de un número del 0 al 10, si el número coincide de un jugador coincide con la suma de dedos entre ambos jugadores, gana la ronda.",
Piti piti,Descubrir la regla del juego,Atención,"La primera persona hace un gesto tocandose los dedos de la mano y diciendo ""piti piti piti piti piii, piti piii, piti piti piti pi"". Luego le pide a otro jugador que lo imite, y le dice si está correcto o no. La regla secreta es que debe imitar también el gesto que hace justo después de terminar la canción.",
La Ameba (evolución),"Azar, mímica",Conocerse,"Todos los jugadores parten como amebas y deben actuar como amebas, si le ganan en cachipún a otra ameba evolucionan. El orden de las evoluciones es ameba, cangrejo, conejo, gorila, humano y avenger. Un jugador sólo puede retar a otro jugador que esté igual de evolucionado. Si un jugador pierde una ronda, vuelve inmediatamente a jugar como ameba, independiente de en cuál estado se encontraba. Ganan los jugadores que alcanzan la etapa de avenger una vez acabo el tiempo.",
Ata2,"Ingenio, trabajo en equipo, comunicación",Resolución de problemas,Dos jugadores deben atarse dos cuerdas en cada muñeca de manera cruzada para lograr escapar sin desatar los nudos.,
Juan José Bonilla,"Coordinación, memoria","Atención, estrategia","Una canción que dice ""Juan José Bonilla se sentó en la hornilla y empezó a gritar 'mamá mamá, qué caliente está'"". Una vez se ha aprendido la letra, hay que sentarse y levantarse cada vez que la canción diga ""mamá"".",
Pan para pan,"Coordinación, atención",Atención,"Cuando el director del juego levanta el puño, los jugadores deben decir ""pan"" y si levanta la mano con las palmas abiertas deben decir ""para pan"".",
"1,2,3","Memoria, coordinación","Socialización, creatividad","En parejas se deben, deben mirarse a los ojos y contar alternadamente del 1 hasta el 3, cuando se llega al 3, hay que volver a partir con el 1. El ganador es aquel que logre seguir adecuadamente la secuencia sin equivocarse. Cada ronda, uno de los números debe sustituirse permanentemente con una acción. En la segunda ronda, el 1 se sustituye por un aplauso; en la tercera, el 3 se cambia por un aplauso; y en la última, el 2 se cambia por una acción a libre elección. Los objetivos del juego son  la interacción, la comunicación y la coordinación.
",
El Saludo,"Memoria, creatividad","Socialización, creatividad","Los jugadores deben distribuirse por el espacio, si el director dice un número, se deben formar grupos con ese número de personas y entre todos deben presentarse e inventar un saludo de 3 movimientos. Si se repite un número, los jugadores deben ubicarse con el mismo grupo con ese número de integrantes.",
Bitcoin,Calentamiento,"Atención, agilidad, estrategia","Puede jugarse en equipo o todos contra todos. Cada jugador debe colocarse un pañolín a la altura de la rodilla y debe robarle su pañolín a los demás jugadores, si lo logra, puede reclamar un bitcoin y devolverle el pañolín al otro jugador para que pueda reintegrarse. Gana aquel que haya recolectado la mayor cantidad de bitcoins.",
Aplauso del Torero,"Celebrar, mímica",Animación,"El director al mover el pañolín, los jugadores deben hacer un grito distinto según si es que se está moviendo hacia arriba o hacia abajo. Si se suelta el pañolín, todos los jugadores deben gritar y aplaudir hasta que este toque el piso.",
Cuerpo a tierra,Competición de equipos,"Colaboración, comunicación y coordinación","Cuatro equipos deben ubicarse en hilera y traspasar una pelota por detrás hasta llegar al último miembro, una vez que éste la recibe debe exclamar ""cuerpo a tierra"", y en ese momento los demás miembros del equipo deben lanzarse al piso en posición horizontal para que el jugador pueda pasar al frente. El equipo debe repetir esta secuencia hasta haber llegado a la formación inicial. El primer equipo en completar la secuencia será el ganador.",
Lazarillo,Coordinación,Confianza y comunicación,"En parejas, un jugador debe guiar al otro mientras este lleva los ojos vendados utilizando únicamente la voz y sin tocarlo.",
Ordena2,Encontrar cosas en común,Colaboración,"El director del juego debe asignar una consigna (por ejemplo comuna en la que se vive, fecha de nacimiento o número de calzado) y los demás jugadores deben agruparse u ordenarse según la consigna antes de que se acabe el tiempo y con la condición de que no pueden hablarse entre sí. El objetivo del juego es lograr seguir el orden y buscar formas de comunicarse que no sean mediante la voz.",
Rescatando la corona del rey,Calentamiento,Colaborativo,"Entre 5 o 6 jugadores, deben escoger a un rey que debe llevar a un pañolín a la altura de la rodilla y a un ladrón. El rey los demás jugadores, a excepción del ladrón, deben sostenerse de los brazos y rotar mientras evitan que el ladrón les robe el pañolín. Una vez pasada una determinada cantidad de tiempo, se debe vovler a asignar al rey y al ladrón de forma que todos puedan tener estos roles al menos una vez.",
10 pases,Calentamiento,Colaborativo de oposición,"Dos equipo deben pasarse un balón y si logran hacer 10 pases consiguen un punto. Si alguno de los equipos se le cae el balón al piso o si se la devuelven al último que la sostuvo, se reinicia el conteo y se debe pasar el balón al otro equipo. Quien logre conseguir la mayor cantidad de puntos será el ganador.",
Zorro gallina y pollitos,Calentamiento,"Colaboración, comunicación ","Entre 5 o 6 jugadores, se debe escoger a un zorro y una gallina, mientras que el resto son pollitos. Los pollitos y la gallina deben formarse en hilera sosteniéndose de lso hombros, con esta última al frente. El zorro debe intentar robarle un pañolín que debe llevar el último pollito a la altura de la rodilla y la gallina debe intentar proteger al último pollito. Una vez finalizada cada ronda, el último pollito pasa a ser zorro y el zorro pasa a ser gallina para que cada jugador alcance a tener uno de los roles.",
Pinta espejo,Calentamiento,"Mímica, agilidad, velocidad, resistencia","Una variante de la pinta, donde los que pintan se asignan al azar según una característica que tengan todos en común. Si estos llegan a pintar a un jugador, este debe hacer una pose cualquiera. Para poder librarse, otro jugador debe posicionarse al frente e imitar la pose.",
Nudo humano,Ingenio,Colaboración y comunicacion,"Con un mínimo de dos equipos conformado por 8 jugadores cada uno, deben reunirse en círculo y tomarse de las manos con cualquier jugador que no se encuentre adyacente. Posterior a esto, deben lograr desarmar el nudo y sin soltarse de las manos, de forma que cada jugador se encuentre adyacente a los otros dos jugadores con los que está sosteniéndose de las manos. Gana el primer equipo que logre desarmar el nudo.",
pinta mitosis,Calentamiento,colaboración,"una persona inicia pintando. si toca a alguien, juntos de la mano, pintan a otro. cuando llegan a 4, se separan en parejas que continuan paralelmente",
piratas del caribe,coordinacion,"trabajo en equipo, estrategia, comunicación ","todo un grupo se separa en conjuntos de 5 personas. una queda al centro y el resto la rodea con las manos. todos tienen un pañuelo y se deben mover juntos. el objetivo es sacarle los pañuelos entre equipos. sólo la persona del centro (el pirata) puede sacar pañuelos. si un equipo se queda sin pañuelo, se unen al equipo que los dejo sin pañuelos.",
cable electrico,trabajo colaborativo,"planificación, trabajo en equipo, liderazgo, comunicación, respeto",Se ata una cuerda horizontal a una cierta altura (cerca de 1.20m). Todas las personas parten en un lado y tienen que llegar al otro pasando por arriba pero sin tocar la cuerda,
casa inquilino,atencion,reaccion y creacion,"todas las personas se ponen en equipos de 3. dos personas se toman de ambas manos formando una casa y la tercerabse pone al medio. una persona sin casa narra una historia. si menciona casa, todas las casas cambian de inquilino, si dice inquilino, todos los inquilinos buscan una nueva casa, si dice terremoto, las personas deben reorganizarse en diferentes casas e inquilinos. la persona que se queda sin casa debe continuar la historia del narrador enterior",
arram sam sam, Vuelta a la calma, coordinación,"Se canta: ""arram sam sam, arram sam sam, guli guli guli guli guli arram sam sam""X2, luego ""Arabi arabi, guli guli guli guli guli arram sam sam ""x2 con todas las personas formadas en círculo. En una primera vuelta, cada vez que se dice ""arram sam sam"" cada persona toca sus pies, cuando dice ""guli guli"", se toca la cabeza y cuando dice ""arabi"", forma una cruz con sus brazos en su pecho. En la segunda vuelta, cuando se dice ""arram sam sam"" se tocan los tobilos del compañero/a a su derecha, cuando dice ""guli guli"", se toca la cabeza del compañero a la izquierda y cuando se dice ""arabi"", se tocan los hombros del compañero a la derecha la primera vez y del companero a la izquierda la segunda vez.",
Volteando la tortuga,Calentamiento,"Trabajo en equipo, estrategia, atención","Se forman dos equipos. En un campo de juego con lentejas uno de los equipos debe dejarlos volteando hacia arriba; y el otro, volteando hacia abajo. Gana el equipo que tenga la mayor cantidad de lentejas dadas vuelta del lado que les corresponda",
Cachipún alemán y variantes,Competencia,"Comunicación, azar, atención","Dos equipos deben turnarse para mandar un representante que debe recorrer un perímetro hasta la base del otro equipo. Cuando dos de ellos se encuentran, deben jugar al cachipún. La persoan que gane puede continuar el recorrido y quien pierda debe devolverse y el equipo debe mandar a otro representante desde el punto de inicio. Si un miembro completa el recorrido, su equipo obtiene un punto. Este juego tiene 2 variantes, en una de ellas, el que pierda el cachipún debe quedarse en su lugar hasta que otro miembro del equipo salte sobre éste. En la otra variante, cada equipo tiene un vaso con agua y el ganador puede lanzarle el agua al perdedor.",
Hay un hoyo en el fondo de la mar,Juego de memoria y coordinación,Coordinación y mímica,"En un círculo se debe cantar la siguiente canción y hacer sus respectivas mímicas: ""Hay un hoyo en el fondo de la mar *clap clap*"" x2 ""Hay un hoyo, hay un hoyo, hay un hoyo en el fondo de la mar *clap clap*. A medida se repite la canción se van incorporando más cosas al primer verso, quedando al final ""Hay una abeja en la flor en el pañuelo en el clavo en el palo en el hoyo en el fondo de la mar""",
Aplauso del tren,Celebrar,Coordinación y mímica,Consiste en seguir las instrucciones del profe para hacer un aplauso entretenido. Al bajar el brazo se debe aplaudir una vez; al pisar se debe hacer un sonido de vapor (pshhh) y al hacer el gesto de tirar de una palanca se debe hacer un sonido de locomotora (wu wuu). Cada uno de estos gestos se hace en una determinada dirección que tendrá que seguir exclusivamente una de las dos mitades de la sala.,
Toque y fama,"Estrategia, razonamiento matemático",Socialización,"En parejas, se debe adivinar una cifra de una determinada cantidad de dígitos. Un número al estar en la misma posición es fama, si un número está, pero no en el orden correcto es un toque. Los números no se repiten. Gana la primera persona en descubrir la cifra.",
La cajita musical,Descubrir la regla del juego,Atención,"El director del juego debe decir cualquier palabra u objeto que quepa y que no quepa en la cajita musical, mientras el jugador debe preguntar qué cabe y qué no cabe para averiguar la regla. El jugador gana si descubre que la regla es que las palabras deben empezar con ""do"", ""re"", ""mi"", ""fa"", ""sol"", ""la"" y ""si""",
Cine,Descubrir la regla del juego,Atención,"El director del juego debe decir cualquier palabra u objeto que pueda o no entrar al cine, mientras el jugador debe preguntar qué puede y qué no puede entrar para averiguar la regla. El jugador gana si señala que la regla es que puede ingresar cualquier palabra que no contenga la letra ""e"".",
Nadie sabe para quien trabaja,Calentamiento,"atención, estrategia, agilidad","Se tira una pelota al inicio, quien la tome pinta tirando la pelota y que esta toque el suelo. Si es quemada una persona, se sienta. Si la persona quemada logra desde su lugar atrapar una pelota vuelve a jugar. Gana el último en pie.",
Nunca de a tres,Calentamiento,"estrategia, atención","Se organiza de a parejas, una al lado de la otra. Otra va a juagr a la pinta, si llegan a pintar a alguien, se invierten los roles. Si el que no está pintando se ubica al lado de una pareja, el integrante que esté al otro extremo empeiza a pintar, y el que pintaba antes debe escapar.",
Colpbol,Coordinacion,Colaborativo,Se divide a un grupo en dos. Cada equipo tiene que meter goles al arco contrario. Cada persona  de un equipo sólo puede golpear con la palma la pelota una vez consecutiva.,
Amitzy Chami Chami,Atencion,Coordinación,"Se enseño el canto: ""Amitzy Chami Chami, e le petit Tivo tivo /:    - E le petit Tivooo  - Tivo tivo tivo. - - E le petit Tivooo  - Tivo tivo tivo."". En un inicio todos se ponene en circulo y cantan. Luego cantan nuevamente, pero cada vez que dicen ""tivo tivo"", caminan cruzando las piernas en sentido antihorario y horario. Posteriormente, se repite la canción, sólo que todos deben estas con los codo atravesados. Luego de estos, todos deben tomarse las orejas de los compañeros de al lado. Seguido de esto, renuentemente, se canta la canción, pero se deben tomar las rodillas de la persona de al lado derecho. Finalmente, se canta por última vez la canción del mismo modo anterior, sólo que en lugar de tomar las rodillas, se toman los tobillos del compañero.",
Kahoot!,Responder correcta y rápidamente,Repasar para la prueba,"En pantalla, aparecerán preguntas que pueden ser o no sobre la materia del curso. Responder correctamente otorga puntaje, y mientras más rápido se responda, mayor será. Gana la persona que haya acumulado la mayor cantidad de puntos a lo largo de las 25 preguntas.",
Hospital,Calentamiento,"Trabajo en equipo, colaboración, atención","Variante del juego de la pinta. Cuando alguien es pintado, debe echarse al suelo y esperar a ser recogido por una ambulancia de 4 personas hasta uno de los dos extremos de la zona de juego. El objetivo es sobrevivir o lograr pintar a todo el mundo.",
Ferrocarril,Competencia,"Atención, velocidad, agilidad","Se forman dos equipo en donde a cada mimebro se le asigna un número y debe sentarse con las piernas extendidas frente a su contrincante de forma que se forme algo parecido a un ferrocarril. Cuando el profesor diga uno de los números en voz alta, a los que se les fur asignado dicho número deben hacer carrera atravesando desde el medio, por fuera y de nuevo hacia la posición inicial desde adentro. La primera persona en volver le da un punto a su equipo.",
Bomba,Competencia,"Atención, velocidad, agilidad","Una variante del ""Ferrocarril"". En esta, se debe partir desde el miembro de más de adelante y al llegar a su lugar debe sentarse mirando a su compañero y darle la señal para que éste salga. El primer equipo en completar el recorrido con todos sus integrantes será el ganador.",
Protegiendo el castillo,Colaboración,"Estrategia, atención, trabajo en equipo","Una variante del juego ""Naciones"". En este, se añade el rol del escudero, quien puede proteger a su equipo; y adicionalmente se añade una torre  que, en caso de ser derribada de cualquier manera, le otorga la victoria al equipo contrario.",
Aplauso del gaucho,Coordinación,"Cierre, bajar las agitaciones","Un aplauso que utiliza las palmas, las piernas, los talones, un paso hacia adelante y un ""¡Hey!""",
Ratonera,Precisión,Conocer juegos tradicionales chilenos,"Se juega con bolitas y una caja con hoyos, donde cada hoyo tiene un puntaje asignado. Al jugador se le otorgan 4 bolitas y debe tratar de realizar la mayor cantidad de puntos posible.",
Carrera a tres piernas,"Coordinación motora, colaboración, comunicación",Conocer juegos tradicionales chilenos,Dos parejas deben competir en una carrera mientras tienen un cinturón amarrado a las dos piernas que están juntas. Gana la pareja que complete el recorrido en el menor tiempo posible.,
Carrera de zancos,Coordinación motora,Conocer juegos tradicionales chilenos,Dos jugadores deben competir en una carrera mientras llevan unos zancos debajo de los pies. Gana el jugador que logre completar el recorrido en el menor tiempo posible.,
Pesca milagrosa,Motricidad fina,Conocer juegos tradicionales chilenos,"Al jugador se le otorga una caña y con ella debe lograr sacar todas las latas, o peces, de una piscina pequeña.",
Juego de las argollas,Precisión,Conocer juegos tradicionales chilenos,El jugador recibe un determinado número de argollas y su objetivo será el de lograr acertar la mayor cantidad de éstas sobre unas botellas.,
Rayuela,Precisión,Conocer juegos tradicionales chilenos,"Dos jugadores reciben un tejo de metal que deben lanzar hacia un cajón con barro con una lienza en el centro. El jugador que acierte a la lienza, es decir que hace un ""punto quemado""; o el que quede más cerca de ella, ganará la ronda.",
La bala,Precisión,Conocer juegos tradicionales chilenos,"Un jugador recibe una pelota y tiene dos lanzamientos para lograr botar una pirámide de seis o más latas. Si logra botar todas las latas en estos dos lanzamientos, el jugador se lelva un premio.",
Emboque,Precisión,Conocer juegos tradicionales chilenos,"Se juega con un Emboque, que consiste de un cono cóncavo con un hoyo (en este caso la punta de una botella plástica) atado a un palo. La idea es sujetar el palo, lanzar el cono hacia arriba y lograr embocar el palo en el agujero.",
los Cañoneros,Calentamiento,"Coordinación física, comunicación, estrategia","Un par de personas parten pintando con una pelota. Deben tirar las pelotas al resto de personas no pintadas, si una de esta es tocada por el balón, sin importar como, pasa a ser del equipo que pinta. Las personas que pintan sólo pueden tirar el balón estando quietas.",
El zorro astuto,Atención,"Tiempo de reacción, velocidad, estrategia","Una persona es seleccionada dentro de un grupo. En un espacio idealmente abierto, se pocisiona esta persona en un extremo del resinto y el resto en el extremo opuesto. El zorro (la persona seleccionada) parte dándoles la espalda. Cuando empieza el juego el zorro a su criterio puede darse la vuelta. Si al hacer esto, ve a alguna persona en movimiento, esta vuelve al inicio.",
Qué hora es señor lobo,Atención,"Estrategia, tiempo de reacción","El zorro, una persona al azar, se pocisiona en un extremo de un espacio abierto y el resto debe iniciar en el extremo opuesto. El resto de personas debe preguntarle al zorro: ¿Que hora es señor zorro?, a lo que el zorro responde diciendo una hora. La hora que diga corrsponderá a la cantidad de pasos que podrán dar las personas. Eventualmente, ante la pregunta de qué hora es señor zorro?, el zorro responderá: Es hora de comer. Cuando esto pasa, el zorro debe tocar la mayor cantidad de personas posible antes de que llleguen a su extremo de cancha. Todas las personas a las que alcance a tocar el zorro, pasan formar parte de su equpo en la próxima ronda.",
Embarque,Colaboración,"Comunicación, desarrollo de estrategias,  ","Se divide a un grupo en dos. En una cancha o espacio libre, deben pocisionarse en extremos opuestos. El primer equipo en llegar al extremo opuesto gana. Pero, para poder moverse sólo pueden pisar el interior de unos ulas ulas. Si alguien toca un espacio fuera de algún ula ula, todo el equipo deberá volver al inicio.",
El teatro,Creatividad,Comunicación,"Todas las personas de un grupo ponen un objeto dentro de un mismo espacio determinado. Una persona, seleccionada al azar será separada del grupo. El grupo deberá escoger un objeto y una acción con dicho objeto. Luego la persona selecionada deberá adivinar el objeto y la acción escogida por el grupo. Si la persona selecciona el objeto equivocado o hace la acción incorrecta, el grupo grita: Buu!, si la persona adivina el objeto ó alguna acción con dicho objeto, el grupo grita: Sii!",
Futbol de esquinas,Competencia,"Trabajo en equipo, agilidad","Cuatro equipos se ubican en 4 esquinas cada uno y, con un balón y siguiendo las reglas del fútbol, deben hacer un gol en una de las demás esquinas y proteger la suya.",
Bosque encantado,"Calentamiento, velocidad",Estrategia,"Un jugador es el brujo y el resto de jugadores debe correr de un extremo del capo de juego al otro sin ser pillados por el brujo. Si esto llega a ocurrir, se convierten en árboles y se quedan en el lugar para ayudar a pillar al resto. Entre rondas, el brujo tiene permitido cambiar los árboles de lugar o cambiar de roles con uno de ellos.",
Ali baba y los 40 ladrones,Coordinación,"Mímica, comunicación, atención, creatividad","En un círculo, un primer jugador debe cantar ""Alí Babá y los 40 ladrones"" mientras hace un movimiento. El jugador a su derecha tiene que volver a cantar el verso y repetir el movimiento que hizo el primer jugador, mientras que este último tiene que inventar uno nuevo hasta crear una secuencia que debe pasar por todos los jugadores. El equipo gana si logra completar la secuencia sin equivocarse.",
Vuelta al universo,"Reacción, Velocidad",Atención,"Cuatro equipos se ubican en hilera mirando hacia un mismo cono ubicado en el centro. A cada jugador del equipo se le asigna un número, si gritan dicho número, el jugador debe correr hacia la derecha en un círculo hasta su posición inicial, después debe correr en zigzag por entre sus demás compañeros de equipo hasta tocar el cono ubicado en el centro. El primer jugador en tocar el cono recibe un punto para su equipo.",
Aguilas y aguiluchos,"Reacción, Velocidad","Atención, trivia","Se deben formar dos filas y cada jugador debe ubicarse frente a su pareja. Una fila es de águilas y la otra es de aguiluchos. Si el director del juego grita ""águilas"" la fila de águilas debe perseguir a la de los aguiluchos hasta uno de los extremos de la cancha o, a la inversa, si gritan ""aguiluchos"" estos deben perseguir a las águilas. Las variantes incluyen fauna nativa versus introducida, números pares versus impares y ciudades al sur de Santiago versus al norte de Santiago.",
Tripela,Competencia,"Trabajo en equipo, coordinación motora","Sigue reglas similares al fútbol, solamente que en este juego sólo se puede pasar la pelota sosteniéndola con las manos y después pateándola para hacer el pase o meter los goles. No está permitido dar pasos mientras se tiene la pelota en la mano.",
Gladiadores,"Agilidad, velocidad",Estrategia,"3 equipos reciben pañolines de un color que los distinga. Dos equipos deben formarse en una sola hilera de manera intercalada y otro equipo debe escoger tres representantes para defender tres puntos que deben alcanzar los demás jugadores. Cada jugador debe salir cada 3 segundos. Los dos puntos de cada extremo valen por 1 y el del medio vale por 2. Si a uno de los jugadores que debe alcanzar los puntos se le roba su pañolín, debe volver a formarse. Los 3 jugadores ubicados al centro pueden ir intercambiándose con los del resto de su equipo en caso de necesitarlo. Gana el equipo que haya alcanzado una mayor cantidad de puntos por cruzar las zonas sin haber perdido sus pañolines.",
Cosechando a ciegas,Colaboración,"Comunicación, estrategia","En parejas, se debe competir contra el resto. Uno de los miembros de la pareja debe ubicarse en una fila, mientras que el otro debe recoger unas lentejas con los ojos vendados, guiándose únicamente por sus instintos y por la voz de su pareja. Gana la pareja que haya recolectado la mayor cantidad de lentejas del campo.",
Torombolo el célebre payaso,Calentamiento,Coordinación,"Los jugadores deben cantar ""Toro bolo el célebre payaso que camina por la calle marcando el paso"" mientras marcan el ritmo con el pie yendo hacia adelante, hacia el centro y hacia afuera. Cuando termina la canción, debe hacerse de nuevo con la otra pierna y después en grupo ubicados uno al lado del otro y saltando con ambas piernas.",
Hermano de,Velocidad,Estrategia y comunicación,"Dos personas de caracaterísticas similares se ponen en los extremos de una cancha. Deben gritarse mutuamente: ""Hermano De"", la persona que dirge el juego dirá dos partes del cuerpo que ambas personas deberan ponerse de acuerdo para unir. La idea es formar varias parejas y la última pareja en lograr esto pierde",
Artzikirol,"Precisión, colaboración","Estrategia, comunicación","Dos equipos compiten en un juego con reglas similares al futbol, donde deben llevar el balón con las piernas hasta meter un gol en el arco del rival. La diferencia está en que un jugador puede decidir agarrar la pelota con las manos y moverse con libertad para hacer un pase o meter un gol. Sin embargo, si este jugador es tocado por alguien del equipo contrario o si lo toca con los pies debe ceder el balón al otro equipo.",
Bota cono,Calentamiento precisión ,"Estrategia, comunicación","Se crean dos equipos, con su ""arco"", donde se ponen 3 conos. El objetivo es con una pelota botar los conos del equipo contrario. Cuando se tiene la pelota se quedan en el lugar y solo pueder tirarla.",
Impulso electrico ,Velocidad y percepción,Comunicación,"Se divide a un grupo en dos. Todos debn formar una hilera y tomarse de las manos. Las personas de un mismo extremo de las hileras de ambos grupos deberan darle la mano al director del juego, quien estara entremedio. Cuando el director apriete la mano de las personas de ambos grupos, estas deberán hacer lo mismo con su compañero de al lado. Cuando llega el ""impulso"" a la ultima persona, esta deberá correr lo más rápido posible y tomar un paño puesto detras del director",
Las esferas del dragón,Velocidad y agilidad,"Comunicación, estrategia","Se crean dos grupos con pañolines de dos colores en una cancha de futbiol. Se colocan 3 pelotas de tenis en las áreas de ambas mitades. Los grupos son posicionados enuna mitad de cancha. El objetivo de cada grupo es traer las pelotas de tenis de la mitad contraria a su area. El área en la que empieza cada grupo es segura, pero si pasan a la mitad contraria y son tocados por el equipo contrario, dejan su pañolin en ese lugar y van a la ""carcel"", un espacio pequeño designado en la mitad del equipo contrario. Para ser liberados un compañero debe tomar el pañolin del lugar donde lo dejó y traerlo a la carcel. El primer grupo en traer todas las esferas a su lado gana.",
Kamalundi,Vuelta a la calma,Coordinación,"Una canción en la que primero se chocan las manos con las piernas, luego se chocan las manos entre sí y finalmente se chasquean los dedos de ambas manos. La canción es: Kamalundi, lundi lundi lundi, kamalundi wan dan si, kaa maa lundii, kamalundiwandansi. Luego, en lugar de chocar las palmas con las piernas, se chochan con las piernas de la persona a la derecha y se cambia el canto por: la tu le ya, leye leya leya, la tu leya wan si. Posteriormente, se hace los mismo, pero con la persona a al izquierda, y se cambia el canto por: be belinda, linda linda linda, be be linda wan dan si",
Badminton,Coordinación óculo manual,coordinación,"Con las paletas de Badminton, el objetivo es golpear con ella la  plumilla una vez y evitar que toque el suelo. Puede jugarse de mínimo 2 personas.",
Spikeball,Coordinación óculo manual,coordinación,"Con un pequeño trampolin, un grupo de 2 ó más personas, se pocisionan alrededor. Con la pelota específica de este juego, deben hacer que rebote en el trampolin una vez. Sólo se puede golpear la pelota con la palma de la mano. Se puede controlar la pelota con un golpe.",
El tarro,Coordinación óculo manual,coordinación,"Dos o más personas toman un tarro vació de pelotas de tennis. El objetivo es lograr atrapar sólo con el tarro, la pelota de tennis lanzada por los compañeros. Esl objetivo es lograr atraparla a la mayor distancia posible.",
Zorba,Velocidad,"Atención, estrategia","Un grupo es dividido en parejas. A cada pareja se le asigna un número. Los integrantes de cada pareja deben colocarse en los extremos opuestos de una cancha. En la mitad del camino, se pone una lenteja. Cuando el director del juego diga un número asignado de una pareja, estos deben correr al centro e intentar tomar la lenteja y llevarla a su punto de inicio sin ser tocados por la persona del equipo contrario. La primera persona que toca la lenteja, aunque sea una vez, inmediatamente si es tocado por el equipo rival pierde. Mientras nadie ha tocado la lenteja, nadie puede pisar la mitad contraria y en caso de hacerlo, pierde.",
Paracaídas a colores,Reacción,Velocidad,"Un grupo debe tomar una lona circular dividida en colores. Deben, entre todos, elevar la lona y bajarla. Cuando esta arriba, el director del juego dirá algún color. Las personas que esten tocando un pedazo de la lona con dicho color deberán intercambiar de lugar entre sí antes de que los toque la lona al caer.",
Alimenta la oruga,De calentamiento,,"Se divide al curso en tres grupos equitativos en un área de la cancha, cada grupo tendrá un aro y se tomará las manos formando una oruga, en la otra área de la cancha estará la comida de la oruga (lentejas). Se juega pasando el aro por cada persona hasta el final de la oruga (último de la columna), este corre hacia las lentejas, toma una y vuelve hacia su grupo (sin soltar el aro), al volver coloca la lenteja sobre un cono y pasa el aro para atrás repitiendo el proceso. El equipo ganador será el que recolecte la mayor cantidad de lentejas en 7 minutos o en su defecto a lo que se hayan recolectado todas. Reglas:
- El integrante que corre debe hacerlo con el aro, no puede soltarlo.
- Las lentejas se dejan sobre los conos, si estan bajo este no cuentan en el puntaje
total.",
El gol ,Juego principal,"Juego colaborativo, de lanzamiento y puntería","Se divide al curso de dos equipos, uno a cada lado de la cancha. Se ubica un balón de yoga en el medio y se distribuyen 8 balones a cada equipo, con los que deben empujar el balón de yoga al lado contrario del que se encuentran ubicados. Cuando el balón cruce la línea donde se encuentra el equipo será punto para el equipo contrario. El balón de yoga debe ser empujado única y exclusivamente con el lanzamiento de los balones. En caso de que un equipo evite el paso del balón de yoga por la línea con alguna parte del cuerpo, esto contará como punto para el equipo contrario.",
La olla,Vuelta a la calma,"Creatividad, mímica, velocidad de pensamiento","Se reparte un trozo de papel o dos lo suficientemente grandes para escribir una frase corta a todos los participantes al igual que lápices. Se les pide escribir una acción, una profesión, una enfermedad o lo que se les ocurra en el papel siempre y cuando sea simple. Y se colocan los papeles dentro de la olla. Se separa a los participantes de 2 a 3 equipos dependiendo de la cantidad de personas. El equipo escoge a un participante del equipo por ronda que tendrá que tomar un papel de la olla y tendrá que hacer que su equipo lo adivine sin decir lo que esta escrito en el papel.

-Tabu, es donde el participante puede decir cualquier palabra excepto la palabra del papel
o derivados, si la palabra es jardín no se puede decir jardinero.

El equipo contratrio no se quedara sin hacer nada, si el equipo se equivoca mas de 3 veces por papel tendrán una oportunidad de robar el punto en juego, si en esta oportunidad se falla se tendrá que esperar a que se equivoquen 3 veces mas para poder robar nuevamente. Si un equipo es incapaz de adivinar un papel pueden decidir decir “pase” y podrán pasar el papel a costa de una penalización de -1 punto. Se dispone de 1 y medio por variante para adivinar los papeles. Gana el equipo que mas papeles adivinados tenga.",
aro humano,calentamiento,"colaboración, estrategias y coordinación","Se forman dos círculos con igual cantidad de participantes. Todos los integrantes deben
tomarse de las manos.
Se coloca un aro en un punto del círculo. El objetivo es pasar el aro a través de todos los
jugadores sin soltarse las manos, pasando todo el cuerpo a traves del aro y luego
entregándolo al siguiente compañero.
El grupo que logre que el aro dé la vuelta completa al círculo, volviendo al punto de inicio,
gana la ronda.",
Tombo,principal,"estrategia, velocidad y precisión","2 equipos compiten en una mitad de cancha (otros 2 equipos en la otra mitad) o en cancha
2/3 de la cancha completa si está disponible, en las 4 esquinas habrá una estación y una de
estas será donde un equipo hará hilera, el otro equipo se reparte alrededor de la cancha,
dentro de las 4 estaciones, mientras que una persona estará al frente de la estación de inicio
con una pelota, se la va a lanzar de forma arqueada a uno del equipo contrario en la estación
de inicio, quien la golpeará únicamente con el brazo o puño, una vez le pegue, siempre y
cuando caiga dentro de las estaciones, solo este va a correr por las 4 estaciones intentando
no ser quemado con la pelota por el otro equipo, una vez empiece a correr, no se puede
devolver o correr de vuelta a la estación de donde partió, pero si puede frenar y/o detenerse
por un tiempo. Solo se puede quemar a quien corre si no está en una estación, si es
quemado, tendrá que irse último en la hilera de su equipo, lo mismo pasa si después de
pegarle a la pelota cae fuera de la cancha 3 veces. Si uno del equipo que no corre posee la
pelota en sus manos, el que corre no puede correr a la siguiente estación si ya está en una
y como máximo solo puede haber uno por estación, cuando uno que corre da la vuelta
completa será punto para su equipo.",
El ciempies,vuelta a la calma,"coordinación, colaboración ","Los participantes comenzarán caminando en mitad de cancha (o en un espacio reducido,
si se quiere realizar en otro lugar) dando vueltas. Quien dirige el juego comenzará a cantar:
—“¿El ciempiés no tiene pies?” (repiten los participantes).
—“¡Claro que los tiene, pero no los ves!” (repiten los participantes).
—“¿Cuántos pies tiene el ciempiés?” (repiten los participantes).
—“¡Tiene X pies!”
Cuando quien dirige dice, por ejemplo, “siete pies”, deberán juntarse cuatro participantes,
uno detrás de otro, afirmados de los hombros, y uno de ellos deberá ponerse junto a sus
compañeros, pero parado solo con una pierna, para que completen los siete pies. El último
grupo que lo logre perderá. Luego, deberán separarse nuevamente, seguir caminando en el
lugar designado y repetir la dinámica con otro número.",
Paletas,Coordinación óculo manual,"coordinación, precisión",Dos jugadores deben hacerse pases con una pelota utilizando paletas de madera. El objetivo es alcanzar la mayor cantidad de pases sin que la pelota toque el piso.,
Pichón,Juego principal,"Velocidad, agilidad, precisión","Un equipo debe formarse en hilera e ir de forma individual a correr hasta uno de los extremos del campo de juego, mientras que el otro debe distribuirse en dos filas a lo largo de los extremos del campo de juego, para lanzar balones al jugador que cruce la línea. Si uno logra cruzar exitosamente, es punto para su equipo; si es golpeado por algún balón, debe volver a formarse y debe salir otro del equipo. Una vez terminada la ronda se cambian los roles. El equipo que haya alcanzado más puntos será el ganador.",
Da ge mei,,,,
Las patentes,Memoria,"Trabajo en equipo, estrategia",Dos equipos deben llevar una patente en la espalda para cada uno de sus integrantes y deben escoger a un integrante que tenga lápiz y papel. Ambos equipos deben identificar ver las patentes de sus contrincantes y registrarlas correctamente. Cada patente que esté correcta es un punto para su equipo.,
Buscaminas,"Memoria, azar","Memoria, trabajo en equipo","Dos equipos deben escoger a un representante que recorra un camino prefijado marcado por casillas. Cada casilla puede estar libre o marcada con una bomba. Si un jugador avanza hacia una casilla libre puede hacer otro movimiento, siempre y cuando sea una sola casilla y que no sea un movimiento en diagonal. Si pisa una casilla ocupada por una bomba, debe volver al punto de inicio, ceder el turno al equipo rival y escoger a otro representante de su equipo. Gana el primer equipo que logre seguir el camino con todas las casillas libres hasta llegar a la meta.",
Bij Bol,Competencia,Trabajo en equipo,"Dos equipos compiten por llevar una pelota inflable grande hacia el arco del equipo rival, pudiendo golpearla con cualquier extremidad de su cuerpo. La única condición es que no se permite pisar la zona cerca del arco.",
Ultimate Frisbee,Competencia,"Trabajo en equipo, precisión, velocidad","Dos equipos deben darse pases con un frisbee y llegar con este hacia el otro extremo del campo de juego. Si un jugador pierde el frisbee o si se mueve con este en la mano, debe cedérselo al otro equipo. El equipo que logre hacer la mayor cantidad de puntos gana.",
Pac-man,Calentamiento,"Atención, velocidad, estrategia","En esta variante de la pinta, juegan lso fantasmas contra los pac-man. El movimiento se limita únicamente a seguir unas cuerdas distribuidas por el campo de juego, sin poder saltar o alterar la posición de la cuerda. Si un fantasma pinta a un pac-man, se invierten sus roles.",
Netball,Competencia,"Trabajo en equipo, precisión",Dos equipos deben enfrentarse para encestar un balón en el aro del equipo contrario. Las condiciones son que deben dar al menos un pase en cada uno de los 3 tercios de la zona de juego y no poder moverse con el balón en la mano. Gana el equipo que haya encestado más puntos para su equipo.,
El gato y el ratón,vuelta a la calma,Coordinación,"Se designa un jugador como el gato, y otro como el ratón. Todos los demás deben sujetar una lona circular y agitarla. El ratón debe arrastrarse debajo de la lona mientras el gato intenta atraparlo desde arriba. Cuando el gato atrapa al ratón, se eligen otros dos jugadores e intercambian roles.",
Pinta pelota,Calentamiento,"Resistencia, precisión, trabajo en equipo","Una versión de la pinta, en donde los que pintan deben hacerlo tocando a un jugador con la pelota o acertándole un tiro. Si un jugador es pintado, este pasa a pintar también. Aquellos que han sido pintados no pueden moverse con la pelota en la mano. Gana el último jugador en pie.",
Saltar la cuerda,Calentamiento,"Trabajo en equipo, coordinacion","Dos equipos grandes, cada uno debe saltar la cuerda cierta cantidad de veces seguidas. El primer equipo en lograrlo será el ganador.",
Zapatería,Calentamiento,"Atención, resistencia, coordinación","4 equipos. El primer equipo canta a uno de los equipos su color mientras ambos saltan: ""color, color, color"", el equipo responde ""qué hay, qué hay, qué hay"", ""¿tiene zapatos en venta?"", ""sí hay, sí hay, sí hay"", ""¿de qué color los tiene"" y después se responde con el color de otro equipo para seguir cantando. Si uno de los miembros del equipo se equivoca al decir su color, o al decir uno que no es de ningún equipo, o si dejan de saltar, estos se deben integrar al equipo que les está hablando.  ",
Cuncuna zigzag,Calentamiento,"Velocidad, agilidad, coordinación","Cuatro equipos se forman en fila, tomados de las manos. El último de cada fila debe zigzagear entre los demás integrantes, por debajo de sus brazos y sin soltarse de su compañero. Lo siguen los demás integrantes hasta que se invierte la fila entera, y luego se repite. Gana el equipo que logre desplazarse primero hasta el otro lado de la cancha.",
Posta simple,Calentamiento,Velocidad,"Cuatro equipos se forman en hilera en la linea de área de la cancha. El primero de cada hilera debe correr hasta la mitad de cancha, devolverse y chocar la mano con el siguiente de su hilera, quien en ese instante debe salir. Gana el primer equipo en que todos sus integrantes terminen de ir y volver.",
Posta transporte,Calentamiento,"Velocidad, colaboración, estrategia","Variante de la posta simple: Una vez el primero de su hilera vuelve, debe transportar al segundo hacia la mitad de cancha sin que toque el suelo. Luego se devuelven normalmente, y ambos transportan al tercero, y así sucesivamente.",
Abecedario humano,vuelta a la calma,"Creatividad, comunicación","Tres equipos, cada uno en un área de la cancha. Se da una letra, palabra u objeto, y el equipo debe dibujarlo con sus cuerpos acostándose en el suelo. El primer equipo que lo logre gana.",
Futbol scout,Juego principal,"Precisión, trabajo en equipo, estrategia","Reglas similares al handball. En vez de jugar con una pelota, se juega con un lazo de cuerda. El portero se encuentra en la portería opuesta, parado dentro de un hula hula y sujetando un bastón. Para meter un gol, el equipo debe lanzar el lazo desde fuera del área y el portero debe atraparlo con su bastón, sin salir del hula hula.",
Gallina ponedora,Calentamiento,"Precisión, coordinación motora, velocidad","Cuatro equipos se forman en hilera. En orden, cada integrante del equipo debe tomar una pelotita, sujetarla entre sus rodillas, correr hasta el hula hula que se encuentra a cierta distancia, y soltar la pelota dentro de éste sin tocarla con las manos. El primer equipo que transporte todas sus pelotitas es el ganador.",
Naciones gol,Juego principal,"Precisión, estrategia, agilidad","Una variante de Naciones de 2 equipos y con dos arcos. Los equipos deben escoger a un arquero que debe tapar los tiros hacia el arco. Si un jugador es quemado, puede moverse solamente por el perímetro de su propia área. Si un equipo hace un gol, el arquero es quemado y otro jugador debe ocupar su lugar. Gana el equipo que logre quemar a todo el otro equipo.",
Vuelta al mundo,Juego principal,"Velocidad, agilidad","Dos equipos formados en hilera, juegan por turnos. En cada turno, un jugador debe patear un balón lo más lejos posible y comenzar a dar vueltas alrededor de la hilera de su equipo. Mientras tanto el otro equipo debe ir a buscar el balón y devolverlo a la zona de tiro. Cuando el balón es devuelto, el primer jugador debe dejar de correr, y cada vuelta que completó suma un punto a su equipo. En cada turno los equipos invierten roles. El juego termina cuando todos los jugadores completan su turno, y gana el equipo con más puntos.",
Rayuela zapato/Búsqueda del zapato,vuelta a la calma,"Precisión, velocidad, atención","Dos equipos. En orden, cada integrante se debe sacar su zapatilla derecha y lanzarla desde cierta distancia hasta un hula hula. Si cae dentro o lo toca, es un punto para el equipo. Al final de la ronda todas las zapatillas se apilan. Se repite con la zapatilla izquierda, y gana el equipo con más puntos. Finalmente todos deben ir a buscar sus zapatillas a la pila. Gana el primer equipo que se forma en hilera, y donde todos sus integrantes tengan sus zapatillas puestas y atadas.",
Aplauso pulguita,"Celebración, vuelta a la calma",Animación,"En un círculo, los jugadores deben hacer una serie de movimientos que simula sostener una pulga y después aplastarla con un único aplauso.",
La jaula,Vuelta a la calma,"Trabajo en equipo, coordinación","Dos equipos. Cada uno tiene una jaula cilíndrica con pelotitas plásticas y deben sacarlas una a una, empujándolas hacia arriba usando sólo un palito de brocheta por integrante. Gana el primer equipo que saque todas las pelotitas.",
El ski,Juego principal,"Coordinación, comunicación","Dos equipos. Cada uno tiene un par de skis donde deben subirse 4 personas a la vez, con los pies izquierdos en un ski y los derechos en el otro. Luego este grupo debe coordinarse para caminar juntos hasta la línea de meta. Una vez ahí pueden bajarse de los skis, devolverse corriendo a su equipo y dejar los skis para el siguiente grupo de 4. Gana el primer equipo en que todos sus integrantes hayan usado los skis.",
Musaraña,Vuelta a la calma,Mímica,Tres equipos deben acercarse hacia el director del juego para recibir una palabra que tienen que representar con acciones y sin poder hablar. Si uno del equipo la adivina debe decirla al oído e ir a buscar otra palabra. Gana el equipo que logre completar primero toda la lista de palabras.,
Memorice,Vuelta a la calma,"Memoria, coordinación","Dos equipos. Cada uno tiene una pila de tarjetas, todas boca abajo. De cada equipo sale una pareja, quienes se deben acercar a su pila de tarjetas y levantar una cada uno. Si ambas tarjetas tienen el mismo dibujo, se las quedan. Luego ambos vuelven a su equipo y sale la siguiente pareja. Gana el primer equipo que se lleve todas sus tarjetas.",
"Que no caiga, que no toque el suelo",Vuelta a la calma,Colaboración,"Los jugadores deben darse pases entre sí con una pelota de yoga. La pelota no puede tocar el suelo, y cada jugador sólo puede tocarla una vez. El desafío se completa cuando todos los jugadores toquen la pelota.",
Aro móvil,Calentamiento,"Trabajo en equipo, precisión, agilidad, resistencia","Reglas similares al handball. En vez de haber porterías fijas, hay hula hulas transportados por un jugador de cada equipo. Gana el equipo que meta más goles.",
Derribando el platillo volador,Juego principal,"Precisión, coordinación, estrategia","Dos equipos. Uno de los equipos se distribuye en lados opuestos de un área, y se lanzan frisbees de lado a lado. El otro equipo se distribuye en los costados que quedan libres, y lanzan balones tratando de botar los frisbees en el aire. El primer equipo tiene un tiempo limitado para lanzar la mayor cantidad de frisbees, y cada vez que alguien lo recibe exitosamente ganan un punto. Una vez acabado el tiempo los equipos cambian de roles. Gana el equipo que obtenga más puntos.",
El tiburón,vuelta a la calma,"Atención, comunicación","Se designa un tiburón y dos salvavidas. Todos los demás jugadores deben sentarse en círculo sujetando una lona circular. Todos deben tener sus pies ocultos bajo la lona y deben agitarla formando ""olas"". El tiburón debe moverse bajo la lona y arrastrar a los jugadores adentro de ésta, haciendo que se ahoguen y se conviertan en tiburones. Los salvavidas pueden salvar a alguien que está siendo arrastrado por un tiburón, mientras todavía no esté completamente bajo la lona. El juego termina cuando todos o la mayoría de los jugadores están ahogados.",
Bapne,vuelta a la calma,"Coordinación motora, memoria","Se debe marcar el tiempo con pasos hacia adelante y hacia atrás seguido de movimientos corporales mientras se canta ""wariacha wariacha, wario wario"" dos veces seguido de ""simples cosas que tú puedes hacer, solo necesitas un simple poder"". La velocidad se va incrementando progresivamente.",
La corbata,Competencia,"Coordinación motora, trabajo bajo presión","En un círculo se van a ir pasando dos corbatas, una de color claro y otra de color oscuro. Si un jugador recibe la de color claro, debe hacerse un nudo simple alrededor del cuello y pasarla al jugador de la izquierda. Si recibe la de color oscuro, debe hacer lo mismo, pero con dos nudos simples. El juego concluye cuando un jugador recibe dos corbatas al mismo tiempo.",
Calle avenida,Competencia,"Velocidad, agilidad, coordinación","Para este juego, se requiere que un jugador sea gato y que otro sea ratón, mientras el resto debe distribuirse en filas y mantener los brazos estirados para formar un cuadrado. Si cualquier jugador grita ""calle"", los jugadores se forman en hilera, si se grita ""avenida"" deben formarse en fila, si se grita ""pasaje"" deben rotar y formar una diagonal y si se grita ""rotonda"" se deben formar ángulos de 90 grados con los brazos para cerrar el cuadrado. Mientras todo esto sucede, el gato debe intentar atrapar al ratón sin poder atravesar o cruzar por debajo de los brazos de sus compañeros.",
Misión imposible 2.0,vuelta a la calma,"Trabajo en equipo, estrategia",Dos equipos reciben una cuerda extensa cada uno y deben lograr coordinarse para extraer 3 lentejas al centro de un círculo sin que ningún jugador ponga un pie adentro del mismo.,
Quemados,,,,
Naciones,Juego principal,"Trabajo en equipo, precisión, agilidad","Dos equipos escogen a un jugador para que sea embajador. Ambos deben quemar a los jugadores del otro equipo con un balón sin salir de su propia área. El embajador puede cederle una vida a uno de sus compañeros y moverse por el perímetro del equipo contrario y quemar desde ahí. Si un jugador es quemado pasa a ser embajador, sin contar con el beneficio de las 3 vidas.",
Invasión,Juego principal,"Trabajo en equipo, precisión, agilidad","Una variante de Naciones de 4 equipos, en donde al quemar a un jugador, este debe pasarse al equipo que lo quemó. Si se quemá al último jugador de un equipo, su terriorio pasa a ser del equipo que lo quemó. El juego concluye cuando todos lso equipos se hayan unido en un único territorio.",
El auto de mi jefe,vuelta a la calma,"Memoria, coordinación","Se debe cantar la siguiente canción: ""El auto de mi jefe tiene un hoyo en la rueda"" (x3) y ""y con un chicle lo taparé"" haciendo s urespectiva mímica. Cada vez que se repita la canción se tiene que eliminar una palabra y hacer un silencio, estas palabras son (en orden) ""auto"", ""jefe"", ""hoyo"" y ""rueda"".",
4 esquinas,,,,
Misión imposible,Celebrar el cumpleaños del profesor,"Trabajo en equipo, creatividad","Una serie de desafíos para realizarse dentro de un módulo en equipos. El equipo que logre completar y grabar la mayor cantidad de desafíos en un módulo será el ganador. Estos desafíos incluyen: enseñarle a jugar a La Ameba a otro curso deportivo, dibujar la palabra ""LIDERAZGO"" con el cuerpo, realizar un pie de cueca con otras 3 personas que no sean del curso, representar un cuento infantil e incorporar a otras 3 personas que no sean del curso para actuarlo, pedirle matrimonio a 4 personas que no sean del curso con un anillo de compromiso, interpretar entre todos un rap que lleve como nombre ""Liderazgo, Juegos y Recreación"", pedirle permiso a un profesor para hablarle sobre la importancia del suspensor en el adulto mayor, realizar un formación de acrosport, pedirle a un profesor que cuenta un chiste y que todos se rían en el suelo y tocar entre todos un balón sin que toque el piso. ",
A paso parejo,Juego de calentamiento,"Estrategia, rapidez, coordinación","El grupo de personas se dividirá en 4 equipos, de seis a ocho personas. Cada equipo contará con cuerdas (o pañolines) y deberán ubicarse en uno de los extremos de la cancha. En la línea de central de esta misma se colocarán ocho lentejas para cada grupo. Dentro de cada equipo, deberán formar parejas y colocarse en una hilera. Con ayuda de la cuerda designada, cada pareja deberá atarse los pies entre sí. El objetivo del juego, es que las parejas que se encuentran atadas corran o caminen lo más rápido posible hasta la línea del centro de la cancha, tomen una lenteja y regresen hacia donde se encuentra su equipo, es decir el punto de partida. Al llegar, deberán chocar las manos con la siguiente pareja para que continúe. Aquello debe repetirse hasta que el equipo logre llevar a su zona las ocho lentejas asignadas",
Captura la bandera,Competencia,"Colaboración, estrategias, agilidad","La cancha tiene delimitadas 4 zonas, cada una con una base que posee una bandera correspondiente a uno de los equipos. Se dividen a los jugadores en 4 equipos, los cuales tendrán pañolines de un color asignado, que también corresponde al color de su respectiva bandera. Los jugadores deben disponer cada uno de un pañolín acomodado en su cadera (enganchado con la ropa), de manera que este llegue hasta la rodilla. El objetivo del juego es que los equipos puedan atravesar la cancha y capturar las banderas de los otros equipos. Para iniciar, los jugadores se dispondrán cada uno cerca de la base de su bandera. Si lo desean, pueden asignar roles dentro de su propio grupo, como defensas y atacantes. Para lograr llegar a alguna de las otras bases, deberán atravesar la cancha evitando que su pañolín les sea robado. En el caso de que esto ocurra, el equipo contrario se queda con este pañolín, y el jugador al que se le fue robado debe sentarse en la cancha y permanecer ahí, en donde puede ejercer un rol de vigía, alertando a sus compañeros de posibles peligros. Para lograr entrar a la base de un equipo rival y capturar su bandera, un representante del equipo deberá tener en su poder un pañolín del color de la bandera que se dispone a capturar. Una vez que este jugador haya ingresado a la base y capturado la bandera, debe regresar a la base de su equipo e instalar esta bandera junto con la de su equipo. Mientras realiza esto, se encuentra “inmune” y no puede ser eliminado por ningún otro jugador. Ahora el equipo del cual la bandera fue capturada pertenece al equipo que la capturó, así que a partir de este momento deben trabajar en conjunto. Esto también implica que, si uno de los otros equipos decide capturar la bandera de este nuevo equipo fusionado, necesite un pañolín de cada uno de los colores de las banderas de la base para ingresar, y que una vez ingrese, deberá llevarse las dos banderas consigo",
Carrera de pulpos,Calentamiento,"Trabajo en equipo,  colaboración, coordinación","Se formarán 4 equipos de 8 personas, los cuales deberán hacer un círculo y agarrarse todos de los brazos mirando hacia afuera, mas una persona que deberá quedarse en el centro. Esta tendrá que ir recogiendo las lentejas guíado por sus tentáculos (las personas) hasta que la lenteja quede dentro del círculo y la persona de centro pueda agacharse a recogerla. Gana el equipo que después pasado el tiempo recogió mas lentejas",
Conecta pañuelos,Competencia,"Trabajo en equipo, coordinación, estrategia","Se disponen 25 aros en el suelo formando un tablero de 5 x 5, con 5 filas y 5 columnas. Cada equipo se organiza en una hilera detrás de un cono o marca, todos mirando hacia el tablero. Entre las hileras y el tablero, se ubica una zona de pañuelos para cada equipo (por ejemplo, un aro, cono o marca donde se deja un montón de pañuelos del color de ese equipo). A la señal de inicio, el primer jugador de cada equipo sale corriendo desde su hilera hacia adelante. Al pasar por la zona de su equipo, toma un pañuelo del color correspondiente y continúa corriendo hacia el tablero. El jugador puede acercarse hasta el aro que desee ocupar, sin pisarlo, y deja caer o lanza suavemente el pañuelo intentando que quede completamente dentro del aro y que no toque los bordes.

● Si el pañuelo queda limpio dentro del aro elegido, ese aro queda ocupado por ese equipo.
● Si el pañuelo toca el borde o cae fuera del aro, la jugada no es válida: el jugador recoge el pañuelo

y vuelve a su hilera con él. En ambos casos, después de intentar la jugada el jugador regresa corriendo a su equipo y se coloca al final de la hilera, dando paso al siguiente compañero. El objetivo del juego es que el equipo logre colocar sus pañuelos de manera que formen 4 en línea, ya sea en horizontal, vertical o diagonal. El primer equipo que consiga esta alineación es el ganador de la ronda. Solo puede haber un jugador de cada equipo dentro de la zona de aros al mismo tiempo. El juego continúa con la rotación de jugadores hasta que algún equipo consiga la figura ganadora (4 en línea, o bien L/cuadrado si se está usando las variantes).",
Contacto,Competencia,"Trabajo en equipo, creatividad, coordinación verbal","Se forman 4 grupos con igual cantidad de participantes y se sientan todos en círculo con su respectivo grupo. Primero, se designa un líder de grupo, quien deberá pensar en una palabra principal y decir solamente la primera letra en voz alta. A partir de esa letra, los demás jugadores intentarán pensar en palabras que comiencen con la misma letra. Cuando alguien tenga una palabra en mente, no la dice directamente, sino que da una pista breve e indirecta para que otra persona del grupo pueda entender en qué palabra está pensando. Si otro jugador cree haber entendido la pista y piensa que sabe cuál es la palabra, dice “¡Contacto!”. En ese momento, ambos cuentan uno, dos, tres, y dicen la palabra al mismo tiempo. Si las dos palabras coinciden, se considera contacto válido y el líder debe revelar la siguiente letra de la palabra secreta. El juego continúa de la misma forma, acumulando letras, hasta que alguien adivina correctamente la palabra completa o se revela por completo mediante contactos. Además, cuando una persona del grupo diga la pista para que los demás entiendan en qué palabra está pensando, si es que el líder del grupo entiendela pista y cree saber qué palabra van a decir, puede anticiparse al resto del grupo y “cortar el contacto” diciendo “la palabra no es x”, siendo x la palabra que iba a decir el resto del grupo, evitando así que el grupo revele otra letra de la palabra principal.",
Cortocircuito,Competencia,"Coordinación y motricidad corporal, fortalecer comunicación, estimular pensamiento lógico","El juego consta de un circuito con 3 estaciones. en donde se dividirá al curso en cuatro subgrupos de 7-8 personas cada uno. Los grupos se ubicarán en paralelo uno al lado del otro para estimular la competencia entre ellos.
1. Para la primera estación, cada grupo se sentará en una hilera con las piernas extendidas, la primera persona de la hilera deberá colocar la pelota de esponja entre sus tobillos y lograr pasársela al compañero/a de al lado, y así sucesivamente hasta el que último integrante reciba la pelota y la ubique sobre una lenteja para dar finalizada la primera estación.
a. Regla 1: en caso de que la pelota se caiga en la primera mitad del grupo, es decir entre las primeras 3-4 personas de la hilera, se debe partir desde el comienzo. De lo contrario, si la pelota cae en la segunda mitad, se retoma el ejercicio desde donde cayó la pelota.

2. En la segunda estación, cada equipo debe ubicarse de pie formando una hilera y tomándose de las manos. La primera persona recogerá el aro de hula-hula y deberá comenzar a pasarlo, hasta que el aro de hula-hula llegue a la última persona y lo vuelva a colocar en el piso. a. Regla 2: el equipo no puede soltarse de las manos, y las personas que tengan una mano libre no podrán sostener el aro de hula-hula para que pase el resto del equipo. 3. Finalmente, en la tercera estación el equipo tendrá que elegir a una persona que se acerque hacia el dirigente del juego (en este caso yo) para que le diga una adivinanza, la cual tendrá que memorizar y transmitirla al resto del equipo. El equipo en conjunto tendrá que resolver la adivinanza y cuando tengan la respuesta, la misma persona deberá acercarse a mí y decir la respuesta para completar el circuito. a. Regla 3: cada equipo contará con dos oportunidades para responder la adivinanza. En caso de fallar, pueden cambiar la adivinanza hasta lograr responder o hasta que el resto de equipos ya haya completado la estación",
El coleccionista,Calentamiento,"Desplazamiento, colaboración sin comunicación, estrategia colaboratira","El juego empieza separando al curso en 4 equipos distintos los cuales se diferenciarán con el color de su pañolin de equipo. Habrán alrededor de 50 lentejas distribuidas en toda la cancha y cada equipo tendrá que coleccionar el máximo de lentejas que pueda. Solo una persona del equipo puede quedarse protegiendo dentro del aro (pueden intercambiar cuando gusten). Los demás deberán ir por las lentejas, pero con la dificultad de que, si otro contrincante le toca, deben hacer un duelo de cachipun y el ganador se lleva la lenteja a su zona de recolección (en el aro). Este en el camino puede ser retado a un duelo nuevamente. El equipo que lograr juntar más lentejas será el ganador",
El contrabando,Calentamiento,"Coordinación, cooperación, entrar en calor"," Se forman 4 grupos de 8 a 10 personas aproximadamente y se le asigna una lenteja (el contrabando) por persona. Si un equipo tiene menos integrantes se le asigna una  lenteja extra para igualar el número de lentejas por equipo.
- Cada grupo se ubica en hilera detrás de una línea de partida.
- Frente a cada grupo se marca una línea de llegada a unos 10 metros (las zonas de  contrabando).
- El primer jugador se coloca en posición de 4 apoyos (manos y pies) y lleva una  lenteja sobre la espalda.
- A la señal del animador, avanza hacia la meta sin dejar caer la lenteja.
- Si la lenteja cae, el jugador debe detenerse, volver al punto donde se cayó (manteniendo la posición de 4 apoyos) y colocare la lenteja nuevamente en la  espalda.
- Al llegar a la meta, el jugador deja la lenteja y vuelve trotando para tocar al  siguiente compañero y darle la partida.
- Gana el equipo que logra transportar primero todas sus lentejas.",
El diluvio express,Competencia,"Fomentar trabajo en equipo, desarrollar agilidad y promover participación activa","Cuatro equipos conformados por 5 a 8 integrantes cada uno. Los equipos se ubican en las esquinas de la cancha (morado, rosado, rojo y azul), alineados detrás de una marca de inicio. En el centro de la cancha se ubican cuatro baldes, cada uno dentro de su respectiva zona delimitada con lentejas de color (mismo color del equipo).
1. A la señal del instructor, el primer jugador de cada equipo (marcado con una estrella
en el esquema) toma la esponja, la sumerge completamente en el balde con agua de su base y corre en línea diagonal hacia el centro de la cancha, siguiendo el recorrido trazado con puntos blancos.
2. Al llegar a su balde central (del color correspondiente a su equipo), el jugador debe exprimir el agua de la esponja dentro del recipiente.
3. Luego, regresa corriendo por el mismo recorrido hacia su equipo y entrega la esponja al siguiente compañero, quien repite la misma secuencia.
4. El relevo continúa hasta que el balde central de uno de los equipos alcance el nivel de agua predeterminado o hasta que el instructor detenga la actividad. El equipo que logre llenar primero su balde hasta la marca establecida (o acumular mayor cantidad de agua al finalizar el tiempo) será el ganador.

- Reglas:
· La esponja debe ser transportada únicamente con las manos (no se puede lanzar ni arrastrar).
· Cada jugador debe volver al punto de partida antes de entregar la esponja al siguiente integrante.
· Si un jugador derrama el agua fuera del balde o se adelanta antes de recibir la esponja, deberá repetir su recorrido.
· No se permite obstaculizar el paso de otros equipos.
- Penalizaciones: · Saltarse el relevo (entregar la esponja sin que el anterior haya terminado) resta puntos. · Derramar el balde central o interferir con otros equipos implica volver a empezar ese turno",
El director de orquesta,mimica,,"• Los participantes se sientan formando un círculo separados en 2 colores de  pañuelos por circulo.
• Se elige a un participante para que sea el ""detective"", quien debe salir del lugar o cerrar los ojos para no ver.
• Mientras el detective no mira, el resto del grupo elige en secreto a un ""Director  de Orquesta"".
• Se llama al detective para que regrese y se coloque en el centro del círculo.
• El Director de Orquesta comienza a hacer un gesto o movimiento rítmico (ej. dar palmadas, tocarse las rodillas).
• Todos los demás miembros del círculo deben imitar al director lo más rápido  posible, intentando disimular a quién están mirando.
• El director debe cambiar de movimiento sutilmente, y el resto del grupo debe seguirlo.
• El objetivo del detective es adivinar quién es el Director de Orquesta. Tiene dos o tres oportunidades para acusar.
• Si el detective acierta: Gana la ronda. Intercambia su rol con el director que descubrió; el detective se une al círculo y el director se convierte en el nuevo detective, se elige a un nuevo director.
• Si el detective falla (agota todas sus oportunidades): Pierde la ronda. Se elige a un nuevo detective entre los miembros del círculo.",
El robo del tesoro,Calentamiento ,"Estrategia, organización, trabajo en equipo","El curso se separa en dos grupos, cada uno con un color de pañuelo asignado para diferenciarlo. La idea del juego es robar el tesoro del otro equipo. A cada equipo se le asigna una mitad de cancha, dentro de esta mitad de cancha los miembros de un equipo pueden “pintar” o pillar a los del equipo contrario y así eliminarlos.  La zona del arco será delimitada por lentejas y dentro de ella se encontrará el tesoro del  respectivo equipo. Solo los miembros del equipo contrario pueden ingresara esa zona y no pueden ser pillados dentro de ella. Al estar dentro de la zona, el miembro del equipo rival deberá lograr, en primer lugar entrar, y luego salir llevándose solo una lenteja (del color de su equipo), completando un robo exitosamente. El primero en robar todas las lentejas gana.
Los jugadores eliminados se van al “calabozo” donde permanecen hasta que uno de sus compañeros los libere al tocarles la mano. El calabozo se encontrará a una esquina de la mitad de cancha del equipo rival. Esto ocurre contra el tiempo, tendrán 10 mintos para completar la misión.",
El tren ciego,Vuelta a la calma,"Comunicación, coordinación, trabajo en equipo","-Para realizar el juego es necesario dividir el grupo de participantes en 4 equipos.
-Los equipos ya formados se ubican en la línea de partida (línea del área de la cancha) en hilera tomados de los hombros y con los ojos vendados excepto el ultimo de la hilera (el maquinista) quien dará las indicaciones al equipo con su voz y quien llevara una lenteja hasta el otro extremo de la cancha.
-En un extremo de la cancha habran lentejas de color blanco* que tienen que ser transportadas al otro extremo, en ese habran lentejas de color negro* que tienen que ser trasladadas al otro extremo
-El equipo tiene que pasar por una serie de puntos de control puestos entre las áreas de la cancha demarcados con lentejas de un color similar al de su pañolin estos puntos de control pueden ser reubicados por el arbitro del juego cambiando los puntos de control de una forma similar para todos los equipos, de no pasar el equipo completo por los puntos de control reinicia desde la línea de la cancha en que inicio el maquinista, también el maquinista puede parar el tren para bajarse a ver por donde va.
-Cuando el equipo completo cruce la línea del otro extremo el equipo en el mismo orden se da vuelta para comenzar de nuevo, el primer integrante pasa al ultimo lugar dando las indicaciones así hasta completar el tiempo indicado
-Gana el equipo que haya logrado trasladar al otro extremo la mayor cantidad de lentejas E140en el tiempo dado para la actividad.",
Espejito rojo,Mimica,"Colaboración, atención, creatividad","El juego del espejito roto, es un juego de mimica donde habrán 2 equipos, el número de participantes por equipo dependerá de la cantidad total de alumnos que haya, pero siempre 2 equipos. Los equipos deberán formarse en hilera, la primera persona de cada equipo comenzará con un movimiento, su compañero de adelante deberá repetir el movimiento y añadir uno, así sucesivamente hasta llegar a la última persona que deberá repetir toda la secuencia de movimientos para poder ganar un punto, si hace el punto, él último compañero pasa a ser el primero y así con todos los participantes del equipo. El equipo que más puntos haga, gana.
Reglas:
- Los movimientos se pueden repetir máximo 2 veces solo frente a la última persona.
- Si alguno de los compañeros se equivoca al reptir los movimientos o se olvida de estos, se debe volver al inicio y repetir desde 0.
- Si los compañeros hacen trampa intentando ayudar a algún compañero y son atrapados, el equipo deberá empezar de 0 y hacer movimientos nuevos.",
Espera tu turno,Vuelta a la calma,"Atención, respetar turnos, paciancia","Se invita a los participantes a ubicarse en una circunferencia o ronda sentados en el piso, a una distancia en la que se puedan escuchar entre si. Se les indicara las reglas del juego, que en este caso son las siguientes: Tendrán un tiempo establecido (mínimo 2, máximo 10 minutos aprox) para llegar al objetivo.
El objetivo es llegar a un número, que en este caso, puede ser el número de participantes, por ejemplo 30.
Cada participante deberá decir un número en voz alta.
No sé puede repetir un número, en caso de que un número se repita, se volverá a empezar desde el comienzo, por ejemplo: 1! , 2! , 3!, 3! ERROR --> 1! , 2! , 3!, 4! …
El orden de los números debe ser secuencial, no se puede saltar números.
Escuchar atentamente todos los números que dicen los demás participantes, para estar atento y esperar el momento adecuado para tu turno.
Los turnos de los participantes no están establecidos, ellos deciden cuando participar.
Si alguno de tus compañeros vecinos más cercanos dijo un número, no puedes decir un número, hasta que otra persona que no esté a tu lado diga otro",
Francotiradores y escolta,Competencia,"Asignación de roles, estrategias, confianza","Se enfrentarán dos equipos de 7 u 8 personas, un equipo estará conformado por francotiradores, y el otro, por escoltas y un presidente. Los escoltas deben escoger un miembro del equipo para que sea la/el presidente, cuyo objetivo será cruzar de un extremo del campo de juego hacia el lado opuesto con los ojos tapados con un pañolín y en menos de 5 minutos mientras es guiado y protegido por sus escoltas. Los francotiradores deben ubicarse en los extremos del campo de juego e intentar acertarle con el balón al presidente. Si le aciertan a un escolta, este limita su movimiento sólo por los bordes del campo de juego y puede seguir bloqueando desde ahí sin mayor penalización. Si el presidente toca un balón o a uno de sus escoltas debe volver a empezar desde el inicio y los escoltas que hayan sido golpeados, pueden volver a moverse con normalidad y se les da la posibilidad de cambiar de presidente. Si, en cambio, logra cruzar el campo de juego sin tocar un balón o a los escoltas, otorga un punto a su equipo y pueden volver a empezar con un nuevo presidente si así lo desean. Una vez pasado 5 minutos ambos equipos deben invertir los roles y empezar una nueva ronda.",
Hand bolos,Competencia,"Coordinación oculo manual, colaboración, estrategias","● El juego se realiza preferentemente en una cancha de “futbolito”, aunque puede adaptarse a cualquier espacio al delimitar un área en cada lado.
● El curso se divide en 2 equipos con igual número de jugadores (idealmente entre 6 y 15 por lado). Cada participante debe colocarse un pañolín del color de su equipo en la cintura, este debe estar visible y ser fácil de quitar.
● Al iniciar, ambos equipos parten en sus respectivas mitades, separados por unos 5 pasos de la línea, y la pelota se coloca al centro de la cancha. Al dar la señal de inicio, los jugadores deben correr a tomar la pelota, dando por comenzado el juego.
● Se juega a través de pases con las manos. También se puede avanzar/correr con la pelota en la mano (a menos de que le quiten el pañolín al jugador).
● El objetivo principal del juego es derribar los tres bolos ubicados dentro del arco del equipo contrario, lanzando la pelota desde fuera del área rival. Si un jugador ingresa al área para lanzar, el punto se anula y la pelota pasa al otro equipo.
● Cada bolo derribado equivale a un punto, si se derriban varios en un mismo lanzamiento, se suman todos. Gana el equipo que tumbe los tres bolos rivales o que obtenga más puntos al término del tiempo (aproximadamente 10 minutos por ronda).
● Para defender, los jugadores pueden interceptar los lanzamientos y pases, o quitar el pañolín al contrincante (que tenga la pelota) y dejarlo en el suelo. Si un jugador pierde su pañolín, debe quedarse inmóvil por tres segundos, luego puede volver a colocárselo y reincorporarse al juego.
● No se puede quitar el pañolín a quien no tiene la pelota, ni arrancarla de las manos de un jugador. Si esto ocurre, se le entrega la pelota al equipo contrario para que pueda sacar.                              ● Si es que un equipo hace que la pelota salga de la cancha, el otro equipo debe sacar desde fuera.                                                                                                                                                                              ● Cada vez que se marca un punto, el otro equipo debe sacar desde su área, sin que otros interfieran en su lanzamiento.                                         ",
La granja,Vuelta a la calma,"Concentración, trabajo en equipo, comunicación no verbal","1. Cada pareja elige un animal (no se pueden repetir) y decide el sonido que lo 
representará. Tendrán un breve momento para practicarlo, asegurándose de 
hacerlo sin mostrar los dientes.
2. Todos los participantes se sientan formando un círculo, de manera que puedan 
verse entre sí.
3. El facilitador elige una pareja para comenzar. Esta realiza el sonido de su animal 
sin mostrar los dientes y luego “llama” a otra pareja siguiendo el guion: (sonido 
de su animal) llamando a (sonido del animal que quieren llamar). La pareja 
llamada debe responder con su sonido y continuar la secuencia llamando a otra.
4. Cualquier participante que muestre los dientes queda descalificado y debe salir de 
la ronda.
5. El juego continúa hasta que quede una sola pareja en competencia o hasta que se 
cumpla el tiempo establecido",
La pintura secreta,Mimica,"Colaboración, comunicación no verbal, creatividad","Se arman 4 equipos con igual cantidad de participantes, quienes se deben formar en una
hilera. El último integrante de cada hilera recibirá una figura o dibujo simple que deberá dibujar con el dedo en la espalda de la persona que tiene delante. Luego, dicha persona dibujará exactamente lo que percibió en la espalda del siguiente integrante, hasta que el dibujo llegue hasta la primera persona en la hilera, quien deberá decirle al oído al instructor qué cree que era el dibujo. En caso de adivinar correctamente, el equipo gana un punto. Todo esto debe llevarse a cabo sin hablar ni mirar hacia atrás en ningún momento, solamente puede hablar la primera persona en la hilera al adivinar el dibujo. Después de cada ronda, la última persona de la hilera pasa hacia adelante, para que todos pasen por los
distintos roles del juego.",
La águilas y los conejos,Calentamiento,"Percibir espacio mejorar medida, agilidad, rapidez","De un curso de aproximadamente 34 personas, se escogerán 4 individuos para ser “águilas”, todo el resto serán “conejos”. En una cancha se dispondrán aros ula-ula, como se muestra en el esquema, donde en cada aro pueden ubicarse 2 conejos como máximo, excepto en el centro, donde podrán estar 4 conejos como máximo. Para comenzar el juego todos los conejos deberán partir en los aros del exterior, mientras que las águilas en el del centro. Al dar la señal, todos los conejos deberán salir de los aros en los que se encuentran y entrar en algún otro (que debe estar a 3 o más aros de distancia). Durante el tiempo que los conejos no estén dentro de ningún aro, las águilas pueden “pintar” a los conejos. Si un águila pinta a un conejo, estos deben intercambiar roles, el conejo es una nueva águila y el águila debe jugar como conejo desde ahí en adelante.",
Navidad al rescate,Compentencia,"Trabajo en equipo, estrategia, velocidad","Se divide a los participantes en dos equipos, los duendes y los Grinch. Estos serán diferenciados por el color del pañuelo que llevaran a un costado del pantalón. (Grinch azules y celestes, duendes rojos y rosados). En el centro de la zona de juego habrá un área circular con lentejas dentro, que será la fábrica de regalos (la zona es la fabrica y las lentejas los regalos). En los bordes de la zona de juego habrán aros que serán las casas de los niños. El objetivo de los duendes es llevar los regalos a las casas de los niños y el de los grinch impedirlo congelando a los duendes (tocándolos). Para esto, las reglas son las siguientes:
1. Dentro de la fábrica no se puede congelar a los duendes.
2. Para congelar a alguien, se le tiene que quitar el pañuelo y dejarlo en el suelo.
3. Cuando es congelado un duende, si este llevaba un regalo, debe de pasárselo al grinch y este lo devolverá a la fábrica.
4. Una vez fuiste congelado, debes mantenerte quieto junto a tu pañuelo.
5. Para poder ser descongelado, te debe tocar un compañero de tu equipo. Luego vuelves a ponerte el pañuelo y sigues jugando.
6. No se puede quitar el regalo (la lenteja) de las manos. De ser sorprendido a un grinch haciendo esto, deberá devolver la lenteja al duende y este tendrá inmunidad absoluta para poder dejar el regalo en una casa sin ser congelado por nadie.
7. Los regalos que ya están en la casa (aro), no pueden ser removidos por los grinch.
8. Es un regalo por casa, es decir, una lenteja por aro, nada más. (abierto a variantes)                                                                                                                                                                                                      9. Solo se puede llevar un regalo a la vez.                                                                                                                                                                                                                                                                                   10. El juego termina cuando todos los regalos hayan sido entregados a una casa, cuando se acabe el tiempo o cuando todos los duendes hayan sido congelados. Por ende, los duendes ganan (1 punto) cuando logren entregar todos los regalos a las casas. Los grinch ganan (1 punto) cuando se acaba el tiempo (5 minutos) y los duendes no lograron entregar todos los regalos o por defecto, cuando congelan a todos los duendes y estos no pueden seguir entregando regalos. *dentro de la fábrica habrá la cantidad justa de regalos por casa*                                                                                                                                                                                                        ",
Pinta colores,Calentamiento,"Poner atención, reacción, estrategias","Rango de personas ideal: de 20 a 40 personas.
Se crean cuatro equipos. Se trabaja en una cancha de futbol. A cada equipo se le asigna un peto de un color. El director del juego gritará un color cada 45 segundos. El equipo de ese color deberá pintar al resto de equipos. Se pinta tocando a la persona. Si una persona es quemada deberá permanecer en el lugar. Gana el primer equipo que logre quemar a todas las personas en el lapso de tiempo.",
Policias y ladrones,Competencia,"Trabajo en equipo, cooperación, desarrollo coordinación motora, agilidad","El juego comienza con todos los participantes reunidos en el centro de la cancha, el monitor divide al grupo en dos equipos: policías y ladrones, procurando que ambos tengan una cantidad equilibrada de jugadores. Estos equipos se distinguirán por el color del pañolin que estén ocupando. Se delimita una zona dentro del espacio de juego llamada “Carcel”, en este caso, corresponderá a el área de la cancha de futbolito, donde los policías llevarán a los ladrones capturados. Los ladrones se ubican en distintos puntos del terreno mientras que los policías permanecen en su base esperando la señal de inicio. A la señal de inicio, los policías deben perseguir y atrapar a los ladrones tocándolos con la mano, cada vez que un ladrón es tocado, el policía debe llevarlo inmediatamente a la zona de cárcel y el ladrón debe permanecer ahí hasta que otro ladrón lo libere tocando la cárcel sin ser atrapado. El juego continua hasta que todos los ladrones han sido atrapados, o bien hasta que se cumpla el tiempo establecido (15 minutos) Los policías no pueden quedarse dentro de la cárcel, deben estar en todo momento fuera. El equipo ganador será el que logre atrapar a todos los contrarios, o que, al cumplirse el tiempo, tenga mas jugadores libres fuera de la cárcel.",
Quien fue a melipilla perdió su silla,Calentamiento,"Velocidad, agilidad, reacción","Los participantes se colocan en círculo mirando hacia adentro. Se designa un gato y un 
ratón que se colocan en el centro del círculo. Los participantes alrededor se colocan a una 
distancia adecuada entre sí con las piernas separadas. El juego consiste en que el gato debe 
perseguir al ratón, el cual debe escapar y librarse pasando por debajo de las piernas de los 
compañeros que están en el círculo. En ese momento, el gato se convierte en ratón y la 
persona por la que pasó debajo el ratón, ahora es el nuevo gato y debe perseguir al nuevo 
ratón. El ratón anterior pasa a ocupar el lugar del compañero que ahora es ratón, El ratón 
puede escapar del gato por dentro o alrededor del círculo.
Si el gato llegase a pillar al ratón, se intercambian los roles y ahora el que era ratón pasa a 
perseguir el que era gato.",
Reacción relámpago,Compentencia,"Velocida de reacción, cooperación, atención","El lugar debe una ser Cancha, gimnasio o patio amplio y libre de obstáculos.

Juego – Reacción a colores (en parejas) Los alumnos se agrupan en parejas y se ubican uno frente al otro formando dos filas paralelas mirandose, cada pareja tendrá dos lentejas distintos colores (por ejemplo, rojo y verde).
Durante el juego, cada pareja debe intercambiar las lentejas constantemente con sus manos mientras esperan la señal del profesor.
Cuando el profesor nombra un color, el alumno que tenga la lenteja de ese color debe reaccionar rápidamente y correr hasta la línea de escape ubicada a unos 6 metros detrás de él.
El compañero debe reaccionar al mismo tiempo e intentar alcanzarlo antes de que cruce la línea.
· Cantidad de participantes: todos los alumnos, en parejas.
· Cómo se hace un punto: gana un punto el jugador que logra llegar primero a la línea o atrapar al compañero antes de que cruce.
· Penalizaciones: si un jugador sale antes de la señal, pierde automáticamente la ronda.
Tambien pierde si confunde su rol y hace lo contrario (correr en vez de atrapar o viceversa",
Robots limpiadores,Calentamiento,"Estrategia, comunicación, velocidad","Previo al comienzo del juego, se disponen las dos cuerdas paralelas a 2 metros entre sí. Se esparcen todas las lentejas entre ellas y se coloca un hula hula en un extremo de cada cuerda.
El curso se divide en dos equipos y cada uno se forma en hilera en los extremos de cuerda que quedan libres. Los jugadores son Robots de limpieza. Las cuerdas son Cables eléctricos y dividen el espacio en tres zonas: la Zona de basura en medio y las Zonas de equipos a los costados. Las lentejas son Piezas de basura y los hula hulas son Basureros, pertenecientes al equipo del extremo opuesto.
Objetivo general:
El primer jugador de cada hilera debe salir, recoger una pieza de basura, dejarla en el basurero de su equipo y devolverse. El obstáculo es que, como los robots necesitan electricidad, deben estar tocando el cable cuando levanten la basura. Cuando un jugador llega de vuelta a la hilera, se ubica al final y sale el siguiente. Esto se repite hasta que no quede basura por recoger. El equipo que recoja más basura será el ganador.
Reglas:
- Sólo puede salir un jugador a la vez.
- Sólo se puede levantar una lenteja a la vez, y no se puede mover ninguna otra
- Al levantar la lenteja se debe estar tocando la cuerda. Una vez recogida ya no es necesario.
- No se puede cruzar a la zona del equipo enemigo.
Al romper cualquiera de estas reglas, el jugador suelta su lenteja (si tiene) y se devuelve al comienzo de la hilera.",
Zona fútbol,Competencia,"Entender diferentes pocisiones y roles, cooperación, pases con mayor precisión","El juego consiste en una dinámica basada en el fútbol. Para su desarrollo, la cancha se divide en 9 zonas (3 zonas defensivas, 3 de mediocampo y 3 de ataque). En cada zona participan dos jugadores de equipos distintos. Por lo que, se forman equipos de 9 personas, y dos equipos se sitúan en una cancha de fútbol completa. En cada equipo, 3 jugadores cumplirán el rol de defensores, 3 serán mediocampistas y los 3 restantes serán atacantes. Los participantes deben jugar únicamente dentro de su zona, sin poder salir de ella. El objetivo del equipo es marcar la mayor cantidad de goles posibles o meter el balon en la red del equipo contrario. Gana el equipo que anote más goles al finalizar el tiempo establecido.
Consideraciones importantes:
Solo los atacantes pueden hacer goles.
No hay arquero.
Se juega sin usar los brazos.
Cada vez que un equipo marca un gol, o cada 5 minutos, los jugadores rotan de posición (defensores pasan a mediocampistas, mediocampistas a atacantes, y atacantes  defensores).
Para que un gol sea válido, el balon debe haber sido tocado al menos una vez en cada zona del campo.
Si el balón sale de la cancha o se comete mano, saca el equipo contrario desde la zona de defensa.",
